name	x	y	z	label_10_20	region
E1	6.961999893188477	5.381999969482422	-2.190999984741211	n/a	scalp
E2	6.484000205993651	6.403999805450439	-0.1400000005960465	F8	scalp
E3	5.698999881744386	7.208000183105468	1.791000008583069	n/a	scalp
E4	4.810999870300293	7.77299976348877	3.650000095367432	n/a	scalp
E5	3.619999885559082	7.478000164031982	5.508999824523925	F2	scalp
E6	2.253000020980837	6.461999893188477	6.962999820709228	n/a	scalp
E7	1.189000010490418	5.217999935150146	8.133999824523926	n/a	scalp
E8	2.201914918004915e-16	3.595999956130981	8.75100040435791	n/a	scalp
E9	-1.152999997138978	1.514000058174134	9.199000358581543	n/a	scalp
E10	5.940000057220458	7.382999897003175	-1.514999985694886	AF8	scalp
E11	5.076000213623046	8.373000144958496	0.4059999883174896	n/a	scalp
E12	3.878999948501587	9.036000251770021	2.516000032424927	AF4	scalp
E13	2.608000040054321	8.979000091552733	4.390999794006349	n/a	scalp
E14	1.23300004005432	8.116000175476074	6.061999797821046	n/a	scalp
E15	4.171146874096979e-16	6.811999797821044	7.282000064849854	FCz	scalp
E16	-1.189000010490417	5.217999935150146	8.133999824523926	n/a	scalp
E17	-2.296000003814697	2.914000034332275	8.557999610900879	n/a	scalp
E18	4.06500005722046	9.406000137329102	-0.8909999728202821	Fp2	scalp
E19	2.868000030517578	10.01500034332275	0.8519999980926515	n/a	scalp
E20	1.422000050544739	10.0629997253418	2.848000049591064	n/a	scalp
E21	5.757676851444772e-16	9.402999877929688	4.657999992370605	Fz	scalp
E22	-1.233000040054321	8.116000175476074	6.061999797821046	n/a	scalp
E23	-2.253000020980836	6.461999893188477	6.962999820709228	n/a	scalp
E24	-3.345000028610229	4.408999919891358	7.672999858856201	FC1	scalp
E25	1.394999980926511	10.65299987792969	-0.6110000014305114	n/a	scalp
E26	6.545736884501479e-16	10.6899995803833	1.004999995231628	Fpz	scalp
E27	-1.42200005054474	10.0629997253418	2.848000049591064	n/a	scalp
E28	-2.608000040054322	8.979000091552733	4.390999794006349	n/a	scalp
E29	-3.619999885559083	7.478000164031982	5.508999824523925	F1	scalp
E30	-4.498000144958499	5.593999862670895	6.288000106811523	n/a	scalp
E31	6.468584472514485e-16	10.56400012969971	-2.051000118255615	n/a	scalp
E32	-1.394999980926515	10.65299987792969	-0.6110000014305114	n/a	scalp
E33	-2.868000030517579	10.01500034332275	0.8519999980926515	n/a	scalp
E34	-3.878999948501586	9.036000251770021	2.516000032424927	AF3	scalp
E35	-4.810999870300292	7.77299976348877	3.650000095367432	n/a	scalp
E36	-5.105000019073488	6.415999889373781	4.777999877929688	F3	scalp
E37	-4.065000057220461	9.406000137329102	-0.8909999728202821	Fp1	scalp
E38	-5.07600021362305	8.373000144958494	0.4059999883174896	n/a	scalp
E39	-5.698999881744386	7.208000183105468	1.791000008583069	n/a	scalp
E40	-6.170000076293945	6.11299991607666	3.296000003814697	n/a	scalp
E41	-6.013999938964842	4.93900012969971	4.857999801635743	n/a	scalp
E42	-5.339000225067139	3.802000045776367	6.327000141143799	FC3	scalp
E43	-4.640999794006349	2.572000026702878	7.508999824523925	n/a	scalp
E44	-3.536999940872191	1.070999979972838	8.473999977111816	C1	scalp
E45	-1.995000004768374	-0.6100000143051159	9.288999557495117	n/a	scalp
E46	-5.940000057220462	7.382999897003172	-1.514999985694886	AF7	scalp
E47	-6.484000205993651	6.403999805450439	-0.1400000005960465	F7	scalp
E48	-6.974999904632569	5.35099983215332	1.307000041007995	F5	scalp
E49	-7.100999832153319	4.232999801635743	2.918999910354614	FC5	scalp
E50	-6.866000175476073	3.161999940872191	4.76800012588501	n/a	scalp
E51	-6.113999843597414	1.94200003147125	6.23799991607666	n/a	scalp
E52	-5.314000129699706	0.601000010967253	7.487999916076662	n/a	scalp
E53	-3.723999977111817	-1.146000027656556	8.586999893188477	n/a	scalp
E54	-6.961999893188477	5.381999969482421	-2.190999984741211	n/a	scalp
E55	-7.315999984741211	4.372000217437741	-0.6110000014305115	n/a	scalp
E56	-7.664000034332275	3.296000003814695	1.044000029563904	n/a	scalp
E57	-7.624000072479248	2.302000045776367	2.818000078201294	n/a	scalp
E58	-7.366000175476075	1.34399998188019	4.604000091552734	n/a	scalp
E59	-6.703000068664552	0.05999999865889464	6.239999771118165	C3	scalp
E60	-5.403999805450439	-1.611999988555908	7.473000049591064	n/a	scalp
E61	-7.540999889373779	3.052999973297118	-2.519000053405762	n/a	scalp
E62	-7.770999908447266	2.062999963760376	-0.8069999814033511	FT7	scalp
E63	-7.968999862670898	1.207000017166139	0.9729999899864198	n/a	scalp
E64	-8.065999984741211	0.4009999930858598	2.786000013351441	C5	scalp
E65	-7.607999801635742	-0.5680000185966501	4.598999977111816	n/a	scalp
E66	-6.81599998474121	-1.945000052452087	5.931000232696533	CP3	scalp
E67	-7.692999839782716	1.740000009536745	-4.182000160217285	FT9	face
E68	-7.744999885559083	1.052999973297119	-2.470999956130981	T9	scalp
E69	-7.938000202178956	0.07199999690055617	-0.9700000286102296	T3-T7	scalp
E70	-7.988999843597411	-0.7519999742507942	0.8420000076293948	n/a	scalp
E71	-8.059000015258787	-1.503000020980835	2.767999887466431	n/a	scalp
E72	-7.564000129699705	-2.311000108718876	4.302999973297119	n/a	scalp
E73	-7.526000022888184	0.7310000061988798	-5.960000038146974	n/a	face
E74	-7.76800012588501	-1.840999960899349	-0.9269999861717224	n/a	scalp
E75	-7.793000221252441	-2.732000112533571	1.100000023841858	n/a	scalp
E76	-7.461999893188476	-3.493000030517581	2.959000110626221	CP5	scalp
E77	-6.868999958038329	-3.793999910354615	4.894000053405762	n/a	scalp
E78	-5.652999877929688	-3.845999956130977	6.520999908447267	n/a	scalp
E79	-4.125000000000002	-3.54800009727478	7.953999996185302	CP1	scalp
E80	-2.236000061035155	-2.957999944686889	8.925000190734863	n/a	scalp
E81	1.186682726183415e-16	-1.937999963760376	9.458999633789062	CPz	scalp
E82	-7.127999782562255	-0.4920000135898594	-7.348999977111817	n/a	face
E83	-7.379000186920164	-3.496999979019166	-2.183000087738037	n/a	scalp
E84	-7.521999835968018	-3.700000047683717	-0.5139999985694885	TP7	scalp
E85	-7.151999950408936	-4.710999965667724	1.51800000667572	n/a	scalp
E86	-6.487999916076658	-5.157999992370606	3.473000049591064	P5	scalp
E87	-5.531000137329102	-5.461999893188476	5.501999855041503	P3	scalp
E88	-4.038000106811523	-5.23799991607666	7.045000076293946	P1	scalp
E89	-2.295000076293945	-4.877999782562255	8.272000312805176	n/a	scalp
E90	2.291314224272064e-16	-3.742000102996825	9.027999877929688	n/a	scalp
E91	-6.826000213623048	-1.863999962806703	-8.694000244140625	n/a	face
E92	-6.739999771118163	-2.848000049591065	-6.747000217437743	n/a	neck
E93	-6.783999919891356	-4.018000125885012	-5.018000125885011	n/a	neck
E94	-7.032999992370605	-4.451000213623049	-3.549000024795532	TP9	scalp
E95	-6.991000175476075	-5.017000198364258	-1.888000011444091	n/a	scalp
E96	-6.676000118255616	-5.736000061035156	0.1019999980926514	T5-P7	scalp
E97	-5.968999862670901	-6.528999805450439	2.032999992370606	PO7	scalp
E98	-5.107999801635745	-6.749000072479249	3.921000003814697	n/a	scalp
E99	-3.752000093460085	-6.677000045776367	5.63700008392334	n/a	scalp
E100	-2.148999929428101	-6.291999816894533	7.114999771118164	n/a	scalp
E101	4.378112365347498e-16	-7.150000095367432	6.953999996185302	Pz	scalp
E102	-6.36999988555908	-3.825000047683717	-8.206000328063965	n/a	neck
E103	-6.243000030517578	-4.622000217437742	-6.495999813079834	n/a	neck
E104	-6.097000122070312	-5.611000061035157	-4.678999900817871	n/a	neck
E105	-6.314000129699709	-6.01300001144409	-3.259000062942505	n/a	neck_edge
E106	-5.984000205993652	-6.747000217437746	-1.402999997138977	P9	scalp
E107	-5.236999988555908	-7.573999881744385	0.4659999907016754	n/a	scalp
E108	-4.29099988937378	-8.11299991607666	2.384000062942504	n/a	scalp
E109	-3.243000030517579	-8.152999877929688	4.21999979019165	PO3	scalp
E110	-1.731999993324281	-7.638999938964842	5.693999767303468	n/a	scalp
E111	-5.636000156402587	-5.803999900817871	-7.749000072479248	n/a	neck
E112	-5.387000083923339	-6.452000141143801	-6.16699981689453	n/a	neck
E113	-5.083000183105469	-7.326000213623046	-4.321000099182129	n/a	scalp
E114	-5.27299976348877	-7.466000080108641	-2.875	n/a	neck_edge
E115	-4.13600015640259	-8.612000465393066	-1.044999957084656	n/a	scalp
E116	-3.132999897003176	-9.135999679565431	0.8190000057220461	O1	scalp
E117	-1.945000052452091	-9.234000205993651	2.621000051498413	n/a	scalp
E118	-1.093000054359436	-8.741000175476074	4.138000011444092	n/a	scalp
E119	4.954308383024464e-16	-8.090999603271484	5.341000080108643	POz	scalp
E120	-4.705999851226808	-7.21999979019165	-7.53000020980835	n/a	neck
E121	-4.203999996185302	-7.811999797821046	-5.843999862670898	n/a	neck
E122	-3.621999979019165	-8.593000411987305	-4.041999816894531	n/a	scalp
E123	-3.026999950408937	-9.454000473022463	-1.958999991416932	n/a	neck_edge
E124	-2.20199990272522	-9.708999633789062	-0.6380000114440918	n/a	scalp
E125	-1.016999959945679	-9.717000007629395	0.9549999833106994	n/a	scalp
E126	5.652969839760395e-16	-9.232000350952148	2.546999931335449	Oz	scalp
E127	1.093000054359435	-8.741000175476074	4.138000011444092	n/a	scalp
E128	1.73199999332428	-7.638999938964843	5.693999767303468	n/a	scalp
E129	2.148999929428101	-6.291999816894533	7.114999771118164	n/a	scalp
E130	2.295000076293945	-4.877999782562256	8.272000312805176	n/a	scalp
E131	2.236000061035156	-2.957999944686889	8.925000190734863	n/a	scalp
E132	1.995000004768374	-0.6100000143051155	9.288999557495117	n/a	scalp
E133	-3.456000089645386	-8.572999954223633	-6.827000141143799	n/a	neck
E134	-2.714999914169312	-8.946000099182129	-5.553999900817871	n/a	neck
E135	-2.032000064849855	-9.562000274658203	-3.450000047683716	n/a	scalp
E136	-0.9190000295639045	-9.626999855041504	-2.210999965667725	n/a	neck_edge
E137	5.869119808271974e-16	-9.585000038146973	-0.8859999775886535	n/a	scalp
E138	1.016999959945678	-9.717000007629395	0.9549999833106994	n/a	scalp
E139	1.945000052452088	-9.234000205993652	2.621000051498413	n/a	scalp
E140	3.243000030517578	-8.152999877929688	4.21999979019165	PO4	scalp
E141	3.752000093460084	-6.677000045776368	5.63700008392334	n/a	scalp
E142	4.038000106811523	-5.23799991607666	7.045000076293946	P2	scalp
E143	4.125000000000002	-3.54800009727478	7.953999996185302	CP2	scalp
E144	3.723999977111817	-1.146000027656555	8.586999893188477	n/a	scalp
E145	-1.884999990463258	-9.220000267028809	-6.798999786376952	n/a	neck
E146	-1.060999989509585	-9.534000396728516	-5.453000068664551	n/a	neck
E147	5.806662676694099e-16	-9.482999801635742	-3.842000007629395	n/a	scalp
E148	0.9190000295639035	-9.626999855041504	-2.210999965667725	n/a	neck_edge
E149	2.201999902725219	-9.708999633789062	-0.6380000114440918	n/a	scalp
E150	3.132999897003175	-9.135999679565431	0.8190000057220461	O2	scalp
E151	4.290999889373779	-8.11299991607666	2.384000062942504	n/a	scalp
E152	5.107999801635744	-6.74900007247925	3.921000003814697	n/a	scalp
E153	5.531000137329102	-5.461999893188477	5.501999855041503	P4	scalp
E154	5.652999877929686	-3.845999956130981	6.520999908447267	n/a	scalp
E155	5.403999805450439	-1.611999988555908	7.473000049591064	n/a	scalp
E156	1.060999989509582	-9.534000396728516	-5.453000068664551	n/a	neck
E157	2.032000064849852	-9.562000274658203	-3.450000047683716	n/a	scalp
E158	3.026999950408934	-9.454000473022463	-1.958999991416932	n/a	neck_edge
E159	4.136000156402589	-8.612000465393066	-1.044999957084656	n/a	scalp
E160	5.236999988555907	-7.573999881744385	0.4659999907016754	n/a	scalp
E161	5.968999862670899	-6.52899980545044	2.032999992370606	PO8	scalp
E162	6.48799991607666	-5.157999992370605	3.473000049591064	P6	scalp
E163	6.86899995803833	-3.793999910354614	4.894000053405762	n/a	scalp
E164	6.81599998474121	-1.945000052452087	5.931000232696533	CP4	scalp
E165	1.884999990463257	-9.220000267028809	-6.798999786376952	n/a	neck
E166	2.714999914169312	-8.946000099182129	-5.553999900817871	n/a	neck
E167	3.621999979019165	-8.593000411987305	-4.041999816894531	n/a	scalp
E168	5.27299976348877	-7.466000080108641	-2.875	n/a	neck_edge
E169	5.984000205993655	-6.747000217437744	-1.402999997138977	P10	scalp
E170	6.676000118255615	-5.736000061035156	0.1019999980926514	T6-P8	scalp
E171	7.151999950408936	-4.710999965667724	1.51800000667572	n/a	scalp
E172	7.461999893188477	-3.493000030517579	2.959000110626221	CP6	scalp
E173	7.564000129699707	-2.311000108718872	4.302999973297119	n/a	scalp
E174	3.456000089645387	-8.572999954223631	-6.827000141143799	n/a	neck
E175	4.203999996185303	-7.811999797821046	-5.843999862670898	n/a	neck
E176	5.083000183105469	-7.326000213623046	-4.321000099182129	n/a	scalp
E177	6.314000129699707	-6.013000011444094	-3.259000062942505	n/a	neck_edge
E178	6.991000175476074	-5.017000198364259	-1.888000011444091	n/a	scalp
E179	7.521999835968018	-3.700000047683717	-0.5139999985694885	TP8	scalp
E180	7.793000221252441	-2.73200011253357	1.100000023841858	n/a	scalp
E181	8.059000015258787	-1.503000020980835	2.767999887466431	n/a	scalp
E182	7.607999801635742	-0.5680000185966492	4.598999977111816	n/a	scalp
E183	6.703000068664552	0.0599999986588955	6.239999771118165	C4	scalp
E184	5.314000129699706	0.6010000109672544	7.487999916076662	n/a	scalp
E185	3.536999940872191	1.070999979972839	8.473999977111816	C2	scalp
E186	1.152999997138978	1.514000058174134	9.199000358581543	n/a	scalp
E187	4.705999851226807	-7.219999790191651	-7.53000020980835	n/a	neck
E188	5.38700008392334	-6.452000141143798	-6.16699981689453	n/a	neck
E189	6.097000122070313	-5.611000061035157	-4.678999900817871	n/a	neck
E190	7.032999992370606	-4.451000213623047	-3.549000024795532	TP10	scalp
E191	7.379000186920165	-3.496999979019165	-2.183000087738037	n/a	scalp
E192	7.768000125885009	-1.840999960899353	-0.9269999861717224	n/a	scalp
E193	7.988999843597411	-0.7519999742507935	0.8420000076293948	n/a	scalp
E194	8.065999984741211	0.4009999930858612	2.786000013351441	C6	scalp
E195	7.366000175476075	1.343999981880188	4.604000091552734	n/a	scalp
E196	6.113999843597412	1.942000031471253	6.23799991607666	n/a	scalp
E197	4.640999794006347	2.57200002670288	7.508999824523925	n/a	scalp
E198	2.296000003814697	2.914000034332275	8.557999610900879	n/a	scalp
E199	5.636000156402588	-5.80399990081787	-7.749000072479248	n/a	neck
E200	6.243000030517577	-4.622000217437743	-6.495999813079834	n/a	neck
E201	6.783999919891357	-4.01800012588501	-5.018000125885011	n/a	neck
E202	7.938000202178956	0.07199999690055846	-0.9700000286102296	T4-T8	scalp
E203	7.968999862670898	1.207000017166137	0.9729999899864198	n/a	scalp
E204	7.624000072479248	2.302000045776367	2.818000078201294	n/a	scalp
E205	6.866000175476072	3.161999940872192	4.76800012588501	n/a	scalp
E206	5.339000225067139	3.802000045776367	6.327000141143799	FC4	scalp
E207	3.34500002861023	4.408999919891357	7.672999858856201	FC2	scalp
E208	6.369999885559081	-3.825000047683715	-8.206000328063965	n/a	neck
E209	6.739999771118164	-2.848000049591064	-6.747000217437743	n/a	neck
E210	7.744999885559083	1.052999973297119	-2.470999956130981	T10	scalp
E211	7.770999908447266	2.062999963760376	-0.8069999814033511	FT8	scalp
E212	7.664000034332275	3.296000003814697	1.044000029563904	n/a	scalp
E213	7.100999832153319	4.232999801635742	2.918999910354614	FC6	scalp
E214	6.013999938964843	4.939000129699708	4.857999801635743	n/a	scalp
E215	4.498000144958495	5.593999862670898	6.288000106811523	n/a	scalp
E216	6.826000213623049	-1.863999962806702	-8.694000244140625	n/a	face
E217	7.127999782562255	-0.4920000135898589	-7.348999977111817	n/a	face
E218	7.526000022888184	0.7310000061988831	-5.960000038146974	n/a	face
E219	7.692999839782716	1.740000009536743	-4.182000160217285	FT10	face
E220	7.540999889373779	3.052999973297119	-2.519000053405762	n/a	scalp
E221	7.315999984741209	4.372000217437743	-0.6110000014305115	n/a	scalp
E222	6.974999904632569	5.35099983215332	1.307000041007995	F6	scalp
E223	6.170000076293946	6.112999916076659	3.296000003814697	n/a	scalp
E224	5.105000019073488	6.415999889373781	4.777999877929688	F4	scalp
E225	7.626999855041506	3.247999906539917	-4.40500020980835	n/a	face
E226	7.243000030517578	4.801000118255615	-4.771999835968017	F10	face
E227	7.556000232696533	2.526000022888184	-6.269999980926513	n/a	face
E228	7.380000114440918	1.35699999332428	-7.848999977111816	n/a	face
E229	6.861000061035157	-0.1420000046491623	-9.14900016784668	n/a	face
E230	6.742000102996827	5.991000175476076	-5.833000183105467	n/a	face
E231	7.224999904632568	4.149000167846681	-6.888999938964846	n/a	face
E232	7.314000129699709	3.19600009918213	-8.442999839782713	n/a	face
E233	7.091000080108643	1.66700005531311	-9.772000312805176	n/a	face
E234	5.887000083923341	7.227000236511232	-6.546999931335449	n/a	face
E235	6.658999919891357	5.640999794006348	-7.657000064849854	n/a	face
E236	6.750999927520752	4.624000072479248	-9.031000137329102	n/a	face
E237	6.579999923706054	3.336999893188476	-10.39700031280518	n/a	face
E238	4.69099998474121	8.22700023651123	-6.782999992370606	n/a	face
E239	5.813000202178954	6.421000003814699	-8.649999618530273	n/a	face
E240	6.044000148773192	5.370999813079834	-9.814000129699709	n/a	face
E241	-4.690999984741213	8.22700023651123	-6.782999992370606	n/a	face
E242	-5.813000202178955	6.421000003814698	-8.649999618530273	n/a	face
E243	-6.044000148773192	5.370999813079834	-9.814000129699709	n/a	face
E244	-5.887000083923338	7.227000236511233	-6.546999931335449	n/a	face
E245	-6.658999919891356	5.640999794006349	-7.657000064849854	n/a	face
E246	-6.750999927520752	4.624000072479248	-9.031000137329102	n/a	face
E247	-6.579999923706054	3.336999893188477	-10.39700031280518	n/a	face
E248	-6.742000102996827	5.991000175476077	-5.833000183105467	n/a	face
E249	-7.224999904632567	4.149000167846682	-6.888999938964846	n/a	face
E250	-7.314000129699709	3.196000099182129	-8.442999839782713	n/a	face
E251	-7.091000080108643	1.667000055313115	-9.772000312805176	n/a	face
E252	-7.243000030517577	4.801000118255618	-4.771999835968017	F9	face
E253	-7.626999855041507	3.247999906539916	-4.40500020980835	n/a	face
E254	-7.556000232696534	2.52600002288818	-6.269999980926513	n/a	face
E255	-7.380000114440918	1.35699999332428	-7.848999977111816	n/a	face
E256	-6.861000061035157	-0.1420000046491637	-9.14900016784668	n/a	face
E1001	5.929127239817414e-16	0	9.682999610900879	Cz	scalp
P1	n/a	n/a	n/a	n/a	n/a
P2	n/a	n/a	n/a	n/a	n/a
P3	n/a	n/a	n/a	n/a	n/a
P4	n/a	n/a	n/a	n/a	n/a
P5	n/a	n/a	n/a	n/a	n/a
P6	n/a	n/a	n/a	n/a	n/a
P7	n/a	n/a	n/a	n/a	n/a
P8	n/a	n/a	n/a	n/a	n/a
